BA01,Bill,Adama,COM01,bill@BSG.fake
KT01,Kara,Thrace,CAG01,kara@BSG.fake
LA01,Lee,Adama,CAG02,lee@BSG.fake
LR01,Laura,Roslin,COL01,laura@BSG.fake
GB01,Gaius,Baltar,COL02,gaius@BSG.fake
ST01,Saul,Tigh,COM02,saul@BSG.fake
SB01,Sharon,Boomer,CAG03,sharon@BSG.fake
KA01,Karl,Agathon,CAG04,karl@BSG.fake
FG01,Felix,Gaeta,COM03,felix@BSG.fake
BK01,Billy,Keikeya,COL03,billyk@BSG.fake
